sale_id,sale_date,product,category,region,quantity,unit_price,unit_cost,customer_type,payment_method
1001,2026-01-03,Laptop,Electronics,South,2,65000,54000,Regular,UPI
1002,2026-01-05,Mouse,Electronics,South,10,900,500,Regular,Card
1003,2026-01-09,Office Chair,Furniture,West,3,8500,6200,Corporate,Card
1004,2026-01-14,Notebook,Stationery,North,25,120,70,Regular,Cash
1005,2026-01-20,Monitor,Electronics,East,4,18000,13500,Corporate,UPI
1006,2026-02-02,Keyboard,Electronics,South,8,2200,1400,Regular,UPI
1007,2026-02-07,Desk,Furniture,West,2,12000,8500,Corporate,Card
1008,2026-02-11,Pen,Stationery,North,50,40,Regular,Cash
1009,2026-02-18,Printer,Electronics,East,3,16000,12000,Corporate,Card
1010,2026-02-24,Headphones,Electronics,South,7,3500,2200,Regular,UPI
